{
  "images" : [
    {
      "filename" : "Icon-ios-20@3x.png",
      "idiom" : "universal",
      "platform" : "ios",
      "scale" : "3x",
      "size" : "20x20"
    },
    {
      "filename" : "Icon-ios-29@2x.png",
      "idiom" : "universal",
      "platform" : "ios",
      "scale" : "2x",
      "size" : "29x29"
    },
    {
      "filename" : "Icon-ios-29@3x.png",
      "idiom" : "universal",
      "platform" : "ios",
      "scale" : "3x",
      "size" : "29x29"
    },
    {
      "filename" : "Icon-ios-38@2x.png",
      "idiom" : "universal",
      "platform" : "ios",
      "scale" : "2x",
      "size" : "38x38"
    },
    {
      "filename" : "Icon-ios-38@3x.png",
      "idiom" : "universal",
      "platform" : "ios",
      "scale" : "3x",
      "size" : "38x38"
    },
    {
      "filename" : "Icon-ios-40@2x.png",
      "idiom" : "universal",
      "platform" : "ios",
      "scale" : "2x",
      "size" : "40x40"
    },
    {
      "filename" : "Icon-ios-40@3x.png",
      "idiom" : "universal",
      "platform" : "ios",
      "scale" : "3x",
      "size" : "40x40"
    },
    {
      "filename" : "Icon-ios-60@2x.png",
      "idiom" : "universal",
      "platform" : "ios",
      "scale" : "2x",
      "size" : "60x60"
    },
    {
      "filename" : "Icon-ios-60@3x.png",
      "idiom" : "universal",
      "platform" : "ios",
      "scale" : "3x",
      "size" : "60x60"
    },
    {
      "filename" : "Icon-ios-64@2x.png",
      "idiom" : "universal",
      "platform" : "ios",
      "scale" : "2x",
      "size" : "64x64"
    },
    {
      "filename" : "Icon-ios-64@3x.png",
      "idiom" : "universal",
      "platform" : "ios",
      "scale" : "3x",
      "size" : "64x64"
    },
    {
      "filename" : "Icon-ios-68@2x.png",
      "idiom" : "universal",
      "platform" : "ios",
      "scale" : "2x",
      "size" : "68x68"
    },
    {
      "filename" : "Icon-ios-76@2x.png",
      "idiom" : "universal",
      "platform" : "ios",
      "scale" : "2x",
      "size" : "76x76"
    },
    {
      "filename" : "Icon-ios-83.5@2x.png",
      "idiom" : "universal",
      "platform" : "ios",
      "scale" : "2x",
      "size" : "83.5x83.5"
    },
    {
      "filename" : "Icon-ios-1024.png",
      "idiom" : "universal",
      "platform" : "ios",
      "scale" : "1x",
      "size" : "1024x1024"
    },
    {
      "filename" : "Icon-ios-22@2x.png",
      "idiom" : "universal",
      "platform" : "watchos",
      "scale" : "2x",
      "size" : "22x22"
    },
    {
      "filename" : "Icon-ios-24@2x.png",
      "idiom" : "universal",
      "platform" : "watchos",
      "scale" : "2x",
      "size" : "24x24"
    },
    {
      "filename" : "Icon-ios-27.5@2x.png",
      "idiom" : "universal",
      "platform" : "watchos",
      "scale" : "2x",
      "size" : "27.5x27.5"
    },
    {
      "filename" : "Icon-ios-29@2x.png",
      "idiom" : "universal",
      "platform" : "watchos",
      "scale" : "2x",
      "size" : "29x29"
    },
    {
      "filename" : "Icon-ios-30@2x.png",
      "idiom" : "universal",
      "platform" : "watchos",
      "scale" : "2x",
      "size" : "30x30"
    },
    {
      "filename" : "Icon-ios-32@2x.png",
      "idiom" : "universal",
      "platform" : "watchos",
      "scale" : "2x",
      "size" : "32x32"
    },
    {
      "filename" : "Icon-ios-33@2x.png",
      "idiom" : "universal",
      "platform" : "watchos",
      "scale" : "2x",
      "size" : "33x33"
    },
    {
      "filename" : "Icon-ios-40@2x.png",
      "idiom" : "universal",
      "platform" : "watchos",
      "scale" : "2x",
      "size" : "40x40"
    },
    {
      "filename" : "Icon-ios-43.5@2x.png",
      "idiom" : "universal",
      "platform" : "watchos",
      "scale" : "2x",
      "size" : "43.5x43.5"
    },
    {
      "filename" : "Icon-ios-44@2x.png",
      "idiom" : "universal",
      "platform" : "watchos",
      "scale" : "2x",
      "size" : "44x44"
    },
    {
      "filename" : "Icon-ios-46@2x.png",
      "idiom" : "universal",
      "platform" : "watchos",
      "scale" : "2x",
      "size" : "46x46"
    },
    {
      "filename" : "Icon-ios-50@2x.png",
      "idiom" : "universal",
      "platform" : "watchos",
      "scale" : "2x",
      "size" : "50x50"
    },
    {
      "filename" : "Icon-ios-51@2x.png",
      "idiom" : "universal",
      "platform" : "watchos",
      "scale" : "2x",
      "size" : "51x51"
    },
    {
      "filename" : "Icon-ios-54@2x.png",
      "idiom" : "universal",
      "platform" : "watchos",
      "scale" : "2x",
      "size" : "54x54"
    },
    {
      "filename" : "Icon-ios-86@2x.png",
      "idiom" : "universal",
      "platform" : "watchos",
      "scale" : "2x",
      "size" : "86x86"
    },
    {
      "filename" : "Icon-ios-98@2x.png",
      "idiom" : "universal",
      "platform" : "watchos",
      "scale" : "2x",
      "size" : "98x98"
    },
    {
      "filename" : "Icon-ios-108@2x.png",
      "idiom" : "universal",
      "platform" : "watchos",
      "scale" : "2x",
      "size" : "108x108"
    },
    {
      "filename" : "Icon-ios-117@2x.png",
      "idiom" : "universal",
      "platform" : "watchos",
      "scale" : "2x",
      "size" : "117x117"
    },
    {
      "filename" : "Icon-ios-129@2x.png",
      "idiom" : "universal",
      "platform" : "watchos",
      "scale" : "2x",
      "size" : "129x129"
    }
  ],
  "info" : {
    "author" : "xcode",
    "version" : 1
  }
}
